{
  "iccBucketName": "icc-pal-s3-qa",
  "iccInnventoryBucketName": "icc-mao-item-inventory-s3-qa",
  "storeInvLocationPrefix": "location/BGStores",
  "brand": "BG",
  "brandOnlineStore": "BGOnline",
  "log-level": "INFO",
  "deptCodesForEveWear": "",
  "classCodeForEveWear": "",
  "useAtgProductId": true,
  "skuTableName" : "bgdev_int_SKUs",
  "unresolvedMappingFields": {
    "catalogType": "",
    "displayable": "",
    "isOnlyAtNM": "",
    "hasMoreColors": "",
    "designerBoutiqueUrl": "",
    "suppressCheckout": "",
    "sizeLabels": "",
    "offline": "",
    "liveTreeDate": "",
    "cmosSkuId": "",
    "bossTotalQty": "",
    "discontinuedCode": "",
    "shipFromStore": "",
    "expectedShipDate": "",
    "cmosSkuIiceFlagd": ""
  },
  "reserved-concurrency": 2,
  "provisioned-concurrency": {
    "enabled": true,
    "min": 0,
    "max": 1
  },
  "es": {
    "index": "product_index",
    "region": "us-east-2",
    "esStage": "bgdevint"
  }
}
