{
  "iccBucketName": "icc-pal-s3-prod",
  "iccInnventoryBucketName": "icc-mao-item-inventory-s3-prod",
  "storeInvLocationPrefix": "location/HCStores",
  "brand": "HC",
  "brandOnlineStore": "HCOnline",
  "log-level": "INFO",
  "deptCodesForEveWear": "",
  "classCodeForEveWear": "",
  "useAtgProductId": true,
  "skuTableName" : "hc_prod_SKUs",
  "unresolvedMappingFields": {
    "catalogType": "",
    "displayable": "",
    "isOnlyAtNM": "",
    "hasMoreColors": "",
    "designerBoutiqueUrl": "",
    "suppressCheckout": "",
    "sizeLabels": "",
    "offline": "",
    "liveTreeDate": "",
    "cmosSkuId": "",
    "bossTotalQty": "",
    "discontinuedCode": "",
    "shipFromStore": "",
    "expectedShipDate": "",
    "cmosSkuIiceFlagd": ""
  },
  "es": {
    "index": "product_index",
    "region": "us-west-2",
    "esStage": "prod"
  }
}
