{
  "iccBucketName": "icc-pal-s3-prod",
  "iccInnventoryBucketName": "icc-mao-item-inventory-s3-prod",
  "storeInvLocationPrefix": "location/NMStores",
  "brand": "NM",
  "brandOnlineStore": "NMOnline",
  "log-level": "INFO",
  "deptCodesForEveWear": "1101,1102,1103,1104,1126,1106,1113,1114,1115,1116,1117,1124,1125,1127,1132,1400,1401,1402,1426,1427,1404,1406,1411,1429,1414,1416,1412,1418,1419,1421,1422,8142,8100,8101,8102,8103,8104,8105,8106,8108,8109,8110,8111,8155,8156,8113,8116,8117,8118,8119,8123,8114,8115,8120,8121,8126,8128,8129,8138,8141,8127,8133,8135,8136,8139,8161,8131,8140,8124,8125,8147",
  "classCodeForEveWear": "139",
  "useAtgProductId": true,
  "skuTableName" : "prod_SKUs",
  "unresolvedMappingFields": {
    "catalogType": "",
    "displayable": "",
    "isOnlyAtNM": "",
    "hasMoreColors": "",
    "designerBoutiqueUrl": "",
    "suppressCheckout": "",
    "sizeLabels": "",
    "offline": "",
    "liveTreeDate": "",
    "cmosSkuId": "",
    "bossTotalQty": "",
    "discontinuedCode": "",
    "shipFromStore": "",
    "expectedShipDate": "",
    "cmosSkuIiceFlagd": ""
  },
  "es": {
    "index": "product_index",
    "region": "us-west-2",
    "esStage": "prod"
  }
}
