{
  "log-level": "INFO",
  "provisioned-concurrency": {
    "enabled": false,
    "min": 1,
    "max": 3
  },
  "brand": "BG",
  "productUpdatedEsgOnly": true,
  "rabbitMQ": {
    "exchanges": {
      "product": "bgo-product-exchange",
      "inventory": "bgo-inventory-exchange"
    },
    "queues": {
      "productPrice": "bgo-product-price",
      "productSkuStoresInventory": "bgo-product-sku-stores-inventory"
    },
    "hostName": "devint-messaging-bg.bgcloudapps.net"
  },
  "vpc": {
    "id": "vpc-09759c37e7a4becbb",
    "app": {
      "subnet": {
        "a": "subnet-06a268afd76ac1674",
        "b": "subnet-0716db915057c6a52"
      }
    }
  }
}
