{
  "log-level": "INFO",
  "provisioned-concurrency": {
    "enabled": false,
    "min": 1,
    "max": 3
  },
  "brand": "BG",
  "productUpdatedEsgOnly": true,
  "rabbitMQ": {
    "exchanges": {
      "product": "bgo-product-exchange",
      "inventory": "bgo-inventory-exchange"
    },
    "queues": {
      "productPrice": "bgo-product-price",
      "productSkuStoresInventory": "bgo-product-sku-stores-inventory"
    },
    "hostName": "nmo-bgprep-messaging.bergdorfgoodmancloud.net"
  },
  "vpc": {
    "id": "vpc-0f2d4ed5529c61024",
    "app": {
      "subnet": {
        "a": "subnet-081076a42ed72de35",
        "b": "subnet-0fbc2b92044815fad"
      }
    }
  }
}
