{
  "log-level": "INFO",
  "provisioned-concurrency": {
    "enabled": false,
    "min": 1,
    "max": 3
  },
  "brand": "BG",
  "productUpdatedEsgOnly": true,
  "rabbitMQ": {
    "exchanges": {
      "product": "bgo-product-exchange",
      "inventory": "bgo-inventory-exchange"
    },
    "queues": {
      "productPrice": "bgo-product-price",
      "productSkuStoresInventory": "bgo-product-sku-stores-inventory"
    },
    "hostName": "prod-messaging-bg-east2.bergdorfgoodmancloud.net"
  },
  "vpc": {
    "id": "vpc-0f2fa3a4c852bf508",
    "app": {
      "subnet": {
        "a": "subnet-09d093d4cb9bc87ab",
        "b": "subnet-0bb9faaeb53dacec1"
      }
    }
  }
}
