{
  "log-level": "INFO",
  "provisioned-concurrency": {
    "enabled": false,
    "min": 1,
    "max": 3
  },
  "brand": "HC",
  "productUpdatedEsgOnly": true,
  "rabbitMQ": {
    "exchanges": {
      "product": "nmo-product-exchange",
      "inventory": "nmo-inventory-exchange"
    },
    "queues": {
      "productPrice": "nmo-product-price",
      "productSkuStoresInventory": "nmo-product-sku-stores-inventory"
    },
    "hostName": "dev-int-messaging.horchow.com"
  },
  "vpc": {
    "id": "vpc-b84e76df",
    "app": {
      "subnet": {
        "a": "subnet-80095de7",
        "b": "subnet-0f3b5446"
      }
    }
  }
}
