{
  "log-level": "INFO",
  "provisioned-concurrency": {
    "enabled": false,
    "min": 1,
    "max": 3
  },
  "brand": "NM",
  "productUpdatedEsgOnly": true,
  "rabbitMQ": {
    "exchanges": {
      "product": "nmo-product-exchange",
      "inventory": "nmo-inventory-exchange"
    },
    "queues": {
      "productPrice": "nmo-product-price",
      "productSkuStoresInventory": "nmo-product-sku-stores-inventory"
    },
    "hostName": "nmo-prep-messaging.neimanmarcuscloud.net"
  },
  "vpc": {
    "id": "vpc-0dccd86a",
    "app": {
      "subnet": {
        "a": "subnet-47e49c0e",
        "b": "subnet-233b1b44"
      }
    }
  }
}
