{
  "eventBus": "arn:aws:events:us-west-2:247080884579:event-bus/nmo-prep-bus",
  "vpc": {
    "id": "vpc-0dccd86a",
    "app": {
      "subnet": {
        "a": "subnet-47e49c0e",
        "b": "subnet-233b1b44"
      }
    }
  },
  "location-store-mapping" : "{ \"store\":{ \"8050\":{ \"sn\":\"50\", \"id\":\"50/ON\" }, \"1020\":{ \"sn\":\"20\", \"id\":\"20/BN\" }, \"1019\":{ \"sn\":\"19\", \"id\":\"19/MA\" }, \"1018\":{ \"sn\":\"18\", \"id\":\"18/FL\" }, \"1017\":{ \"sn\":\"17\", \"id\":\"17/OB\" }, \"1016\":{ \"sn\":\"16\", \"id\":\"16/SD\" }, \"1015\":{ \"sn\":\"15\", \"id\":\"15/LV\" }, \"1014\":{ \"sn\":\"14\", \"id\":\"14/WC\" }, \"1013\":{ \"sn\":\"13\", \"id\":\"13/PWB\" }, \"1012\":{ \"sn\":\"12\", \"id\":\"12/SF\" }, \"3170\":{ \"sn\":\"170\", \"id\":\"170/TM\" }, \"1033\":{ \"sn\":\"33\", \"id\":\"33/TR\" }, \"1110\":{ \"sn\":\"110\", \"id\":\"110/WK\" }, \"1032\":{ \"sn\":\"32\", \"id\":\"32/PB\" }, \"1031\":{ \"sn\":\"31\", \"id\":\"31/AM\" }, \"1030\":{ \"sn\":\"30\", \"id\":\"30/KP\" }, \"3175\":{ \"sn\":\"175\", \"id\":\"175/WT\" }, \"3174\":{ \"sn\":\"174\", \"id\":\"174/CN\" }, \"3173\":{ \"sn\":\"173\", \"id\":\"173/NC\" }, \"3172\":{ \"sn\":\"172\", \"id\":\"172/GT\" }, \"3171\":{ \"sn\":\"171\", \"id\":\"171/CC\" }, \"1029\":{ \"sn\":\"29\", \"id\":\"29/SC\" }, \"1106\":{ \"sn\":\"106\", \"id\":\"106/BL\" }, \"1028\":{ \"sn\":\"28\", \"id\":\"28/PR\" }, \"1105\":{ \"sn\":\"105\", \"id\":\"105/TP\" }, \"1027\":{ \"sn\":\"27\", \"id\":\"27/DN\" }, \"1026\":{ \"sn\":\"26\", \"id\":\"26/MN\" }, \"1103\":{ \"sn\":\"103\", \"id\":\"103/NA\" }, \"1025\":{ \"sn\":\"25\", \"id\":\"25/SH\" }, \"1102\":{ \"sn\":\"102\", \"id\":\"102/CH\" }, \"1024\":{ \"sn\":\"24\", \"id\":\"24/PA\" }, \"1101\":{ \"sn\":\"101\", \"id\":\"101/AN\" }, \"1023\":{ \"sn\":\"23\", \"id\":\"23/TY\" }, \"1038\":{ \"sn\":\"38\", \"id\":\"38/BR\" }, \"1037\":{ \"sn\":\"37\", \"id\":\"37/SA\" }, \"1036\":{ \"sn\":\"36\", \"id\":\"36/OR\" }, \"1035\":{ \"sn\":\"35\", \"id\":\"35/TB\" }, \"1112\":{ \"sn\":\"112\", \"id\":\"112/HY\" }, \"1111\":{ \"sn\":\"111\", \"id\":\"111/RF\" }, \"1034\":{ \"sn\":\"34\", \"id\":\"34/CG\" }, \"1011\":{ \"sn\":\"11\", \"id\":\"11/FI\" }, \"1010\":{ \"sn\":\"10\", \"id\":\"10/LA\" }, \"1008\":{ \"sn\":\"08\", \"id\":\"08/WA\" }, \"1007\":{ \"sn\":\"07\", \"id\":\"07/SL\" }, \"1006\":{ \"sn\":\"06\", \"id\":\"06/AT\" }, \"1005\":{ \"sn\":\"05\", \"id\":\"05/BH\" }, \"1004\":{ \"sn\":\"04\", \"id\":\"04/HO\" }, \"1003\":{ \"sn\":\"03\", \"id\":\"03/FW\" }, \"1002\":{ \"sn\":\"02\", \"id\":\"02/NP\" }, \"1001\":{ \"sn\":\"01\", \"id\":\"01/DT\" }, \"1009\":{ \"sn\":\"09\", \"id\":\"09/NB\" } } }"

}